MNFID,CMDID,ITEMID,RECPQTY_COLIS
16422,73430972,7663667,285
16422,73430972,7663667,285
16422,73430972,7663667,83
16422,73430968,7628135,320
16422,73430968,7628135,320
16422,73430968,7628135,320
16422,73430968,7628135,320
16422,73430968,7628135,320
16422,73430968,7628135,88
16422,73392208,7628072,168
16422,73392208,7628072,26
16422,73430968,7627887,144
16422,73430968,7627887,137
16422,73430968,7627882,289
16422,73430971,7626922,440
16422,73430971,7626922,77
16422,73430971,7626938,440
16422,73430971,7626938,243
16422,73392208,7626898,210
16422,73392208,7626898,210
16422,73392208,7626898,210
16422,73392208,7626898,90
16422,73392208,7626891,210
16422,73392208,7626891,210
16422,73392208,7626891,28
16422,73430971,7626932,440
16422,73430971,7626932,132
16422,73430971,7626929,440
16422,73430971,7626929,55
16422,73430971,7626935,440
16422,73430971,7626935,166
16422,73430968,7628300,289
16422,73430968,7628298,145
16422,73430968,7628298,144
16422,73392208,7628074,193
16422,73181022,5115024,189
16422,73182085,5115974,80
16422,73182085,5115974,80
16422,73182085,5115974,80
16422,73182085,5115974,80
16422,73182085,5115974,80
16422,73182085,5115974,80
16422,73182085,5115974,80
16422,73182085,5115974,34
16422,73181022,5114962,342
16422,73181022,5114962,204
16422,73181022,5114962,23
16422,73182085,5115784,60
16422,73182085,5115784,60
16422,73182085,5115784,43
16422,73182085,5115784,27
16422,73181022,5114541,342
16422,73181022,5114541,342
16422,73181022,5114541,221
16422,73182085,5116266,80
16422,73182085,5116266,80
16422,73182085,5116266,80
16422,73182085,5116266,80
16422,73182085,5116266,80
16422,73182085,5116266,80
16422,73182085,5116266,80
16422,73182085,5116266,80
16422,73182085,5116266,80
16422,73182085,5116266,80
16422,73182085,5116266,19
16422,73182085,5116173,80
16422,73182085,5116173,80
16422,73182085,5116173,80
16422,73182085,5116173,80
16422,73182085,5116173,80
16422,73182085,5116173,80
16422,73182085,5116173,80
16422,73182085,5116173,80
16422,73182085,5116173,80
16422,73182085,5116173,80
16422,73182085,5116173,36
16422,73182085,7627983,80
16422,73182085,7627983,80
16422,73182085,7627983,80
16422,73182085,7627983,80
16422,73182085,7627983,64
16422,73182085,7627985,80
16422,73182085,7627985,80
16422,73182085,7627985,80
16422,73182085,7627985,42
16422,73181022,7626705,296
16422,73181022,7626705,76
16422,73181022,7626703,342
16422,73181022,7626703,122
16422,73181022,7626713,342
16422,73181022,7626713,31
16422,73181022,7626711,251
16422,73181022,7626707,342
16422,73181022,7626707,305
16422,73181022,7626694,158
16422,73181022,7626696,117
16422,73181022,7626709,325
16422,73182085,7628017,108
16422,73190610,5121475,4
16422,73190610,7628311,8
16422,73190610,7628311,8
16422,73190610,7628311,8
16422,73190610,7628311,8
16422,73190610,7628311,8
16422,73190610,7628311,8
16422,73190610,7628311,8
16422,73190610,7628311,8
16422,73190610,7628311,8
16422,73190610,7628311,8
16422,73190610,7628311,8
16422,73190610,7628311,8
16422,73190610,7628311,8
16422,73190610,7628311,8
16422,73190610,7628311,8
16422,73190610,7628311,8
16422,73190610,7628311,8
16422,73190610,7628311,8
16422,73190610,7628311,8
16422,73190610,7628311,8
16422,73190610,7628311,8
16422,73190610,7628311,8
16422,73190610,7628311,8
16422,73190610,7628311,8
16422,73190610,7628311,8
16422,73190610,7628311,8
16422,73190610,7628311,8
16422,73190610,7628311,8
16422,73190610,7628311,8
16422,73190610,7628311,7
16422,73182087,7627962,8
16422,73182087,7627962,8
16422,73182087,7627962,5
16422,73430969,7627208,26
16422,73430969,7627208,26
16422,73430969,7627208,26
16422,73430969,7627208,26
16422,73430969,7627208,7
16422,73430969,7627211,88
16422,73430969,7627211,35
16422,73430969,7627220,35
16422,73430969,7627220,35
16422,73430969,7627220,35
16422,73430969,7627220,6
16422,73430969,7627205,40
16422,73430969,7627205,40
16422,73430969,7627205,31
16422,73182085,7628020,48
16422,73182085,7628020,48
16422,73182085,7628020,48
16422,73182085,7628020,48
16422,73182085,7628020,48
16422,73182085,7628020,48
16422,73182085,7628020,48
16422,73182085,7628020,4
16422,73182085,7628003,60
16422,73182085,7628003,57
16422,73182085,7628001,80
16422,73182085,7628001,80
16422,73182085,7628001,80
16422,73182085,7628001,11
16422,73182085,7628007,84
16422,73182085,7628007,84
16422,73182085,7628007,84
16422,73182085,7628007,84
16422,73182085,7628007,48
16422,73182085,7628029,108
16422,73182085,7628029,108
16422,73182085,7628029,108
16422,73182085,7628029,26
16422,73182085,7628029,16
16422,73182085,7628011,84
16422,73182085,7628011,84
16422,73182085,7628011,84
16422,73182085,7628011,58
16422,73182085,7628011,53
16422,73182085,7627987,80
16422,73182085,7627987,80
16422,73182085,7627987,80
16422,73182085,7627987,80
16422,73182085,7627987,80
16422,73182085,7627987,40
16422,73182085,7628026,65
16422,73182085,7628026,55
16422,73182085,7628026,57
16422,73182085,7628013,72
16422,73182085,7628013,72
16422,73182085,7628013,22
16422,73182085,7628013,11
16422,73182085,7628032,189
16422,73182085,7628032,189
16422,73182085,7628032,47
16422,73182085,7628035,50
16422,73182085,7628035,50
16422,73182085,7628035,50
16422,73182085,7628035,50
16422,73182085,7628035,50
16422,73182085,7628035,50
16422,73182085,7628035,50
16422,73182085,7628035,72
16422,73182085,7628035,72
16422,73182085,7628035,46
16422,73182085,7628035,6
16422,73182085,7628023,60
16422,73182085,7628023,60
16422,73182085,7628023,60
16422,73182085,7628023,60
16422,73182085,7628023,49
16422,73182085,7627989,80
16422,73182085,7627989,80
16422,73182085,7627989,80
16422,73182085,7627989,80
16422,73182085,7627989,30
16422,73182085,7627981,80
16422,73182085,7627981,80
16422,73182085,7627981,80
16422,73182085,7627981,80
16422,73182085,7627981,30
16422,73182085,7627999,80
16422,73182085,7627999,80
16422,73182085,7627999,80
16422,73182085,7627999,18
16422,73182085,7628005,60
16422,73182085,7628005,57
16422,73182085,7628009,84
16422,73182085,7628009,84
16422,73182085,7628009,84
16422,73182085,7628009,30
16422,73181022,7626718,120
16422,73181022,7626718,78
16422,73181022,7626716,118
16422,73181022,7626716,133
16422,73182085,7628038,315
16422,73182085,7628038,36
16422,73182085,5115391,84
16422,73182085,5115391,84
16422,73182085,5115391,84
16422,73182085,5115391,84
16422,73182085,5115391,84
16422,73182085,5115391,84
16422,73182085,5115391,59
16422,73182085,5115518,72
16422,73182085,5115518,72
16422,73182085,5115518,58
16422,73181022,5115258,119
16422,73181022,5115258,119
16422,73181022,5115258,1
16422,73181903,7627024,70
16422,73181903,7627024,70
16422,73181903,7627024,70
16422,73181903,7627024,26
16422,73181903,7627106,24
16422,73181903,7627106,24
16422,73181903,7627106,24
16422,73181903,7627106,24
16422,73181903,7627106,24
16422,73181903,7627106,24
16422,73181903,7627106,24
16422,73181903,7627106,7
16422,73181903,7627051,100
16422,73181903,7627051,77
16422,73181903,7627125,70
16422,73181903,7627125,70
16422,73181903,7627125,24
16422,73181903,7627027,70
16422,73181903,7627027,70
16422,73181903,7627027,25
16422,73181903,7627146,100
16422,73181903,7627146,53
16422,73181903,7627034,24
16422,73181903,7627034,24
16422,73181903,7627034,24
16422,73181903,7627034,24
16422,73181903,7627034,24
16422,73181903,7627034,24
16422,73181903,7627034,21
16422,73181903,7627134,100
16422,73181903,7627134,100
16422,73181903,7627134,57
16422,73181903,7627029,24
16422,73181903,7627029,24
16422,73181903,7627029,24
16422,73181903,7627029,24
16422,73181903,7627029,24
16422,73181903,7627029,24
16422,73181903,7627029,24
16422,73181903,7627029,24
16422,73181903,7627029,24
16422,73181903,7627029,17
16422,73181903,7627035,24
16422,73181903,7627035,24
16422,73181903,7627035,24
16422,73181903,7627035,24
16422,73181903,7627035,24
16422,73181903,7627035,24
16422,73181903,7627035,24
16422,73181903,7627035,24
16422,73181903,7627035,24
16422,73181903,7627035,24
16422,73181903,7627035,18
16422,73181903,7627021,70
16422,73181903,7627021,70
16422,73181903,7627021,70
16422,73181903,7627021,36
16422,73181903,7627143,100
16422,73181903,7627143,100
16422,73181903,7627143,56
16422,73432153,7627189,91
16422,73432153,7627189,91
16422,73432153,7627189,81
16422,73432153,7627195,91
16422,73432153,7627195,89
16422,73432153,7627192,65
16422,73432153,7627192,65
16422,73432153,7627192,65
16422,73432153,7627192,65
16422,73432153,7627192,65
16422,73432153,7627192,62
16422,73432153,7627186,65
16422,73432153,7627186,65
16422,73432153,7627186,65
16422,73432153,7627186,65
16422,73432153,7627186,65
16422,73432153,7627186,65
16422,73432153,7627186,41
16422,73432152,7626482,48
16422,73432152,7626482,48
16422,73432152,7626482,33
16422,73432152,7626491,168
16422,73432152,7626491,94
16422,73432152,7626488,309
16422,73432152,7626475,48
16422,73432152,7626475,48
16422,73432152,7626475,48
16422,73432152,7626475,48
16422,73432152,7626475,48
16422,73432152,7626475,30
16422,73432152,7626494,168
16422,73432152,7626494,168
16422,73432152,7626494,27
16422,73432152,7626468,48
16422,73432152,7626468,48
16422,73432152,7626468,48
16422,73432152,7626468,33
16422,73432152,7626479,48
16422,73432152,7626479,48
16422,73432152,7626479,45
16422,73432152,7626485,215
16422,73220582,7632550,56
16422,73220582,7632550,56
16422,73220582,7632550,56
16422,73220582,7632550,27
16422,73220582,7632542,112
16422,73220582,7632542,58
16422,73220582,7632545,64
16422,73220582,7632545,64
16422,73220582,7632545,64
16422,73220582,7632545,46
16422,73190610,7628314,12
16422,73190610,7628314,12
16422,73190610,7628314,12
16422,73190610,7628314,12
16422,73190610,7628314,12
16422,73190610,7628314,12
16422,73190610,7628314,12
16422,73190610,7628314,12
16422,73190610,7628314,12
16422,73190610,7628314,12
16422,73190610,7628314,12
16422,73190610,7628314,12
16422,73190610,7628314,12
16422,73190610,7628314,12
16422,73190610,7628314,12
16422,73190610,7628314,12
16422,73190610,7628314,12
16422,73190610,7628314,6
16422,73182087,7627959,8
16422,73182087,7627959,8
16422,73182087,7627959,8
16422,73182087,7627959,8
16422,73182087,7627959,8
16422,73182087,7627959,6
16422,73181904,7627109,64
16422,73181904,7627109,64
16422,73181904,7627109,64
16422,73181904,7627109,64
16422,73181904,7627109,64
16422,73181904,7627109,35
16422,73181904,7627096,40
16422,73181904,7627096,40
16422,73181904,7627096,40
16422,73181904,7627096,40
16422,73181904,7627096,40
16422,73181904,7627096,40
16422,73181904,7627096,40
16422,73181904,7627096,22
16422,73301482,7627137,64
16422,73301482,7627137,64
16422,73301482,7627137,64
16422,73301482,7627137,64
16422,73301482,7627137,64
16422,73301482,7627137,64
16422,73301482,7627137,38
16422,73181904,7627114,64
16422,73181904,7627114,64
16422,73181904,7627114,64
16422,73181904,7627114,64
16422,73181904,7627114,64
16422,73181904,7627114,64
16422,73181904,7627114,64
16422,73181904,7627114,64
16422,73181904,7627114,64
16422,73181904,7627114,40
16422,73181904,7627114,38
16422,73181904,7627112,64
16422,73181904,7627112,64
16422,73181904,7627112,64
16422,73181904,7627112,64
16422,73181904,7627112,64
16422,73181904,7627112,64
16422,73181904,7627112,64
16422,73181904,7627112,64
16422,73181904,7627112,49
16422,73181904,7627102,40
16422,73181904,7627102,40
16422,73181904,7627102,40
16422,73181904,7627102,40
16422,73181904,7627102,40
16422,73181904,7627102,40
16422,73181904,7627102,40
16422,73181904,7627102,40
16422,73181904,7627102,35
16422,73190610,7628317,8
16422,73190610,7628317,8
16422,73190610,7628317,5
16422,73190610,7628317,2
16422,73181904,7627104,40
16422,73181904,7627104,40
16422,73181904,7627104,40
16422,73181904,7627104,40
16422,73181904,7627104,40
16422,73181904,7627104,40
16422,73181904,7627104,40
16422,73181904,7627104,40
16422,73181904,7627104,40
16422,73181904,7627104,30
16422,73220582,7632548,112
16422,73220582,7632548,90
16422,73220582,7632552,40
16422,73220582,7632552,40
16422,73220582,7632552,40
16422,73220582,7632552,40
16422,73220582,7632552,31
16422,73181904,5120913,56
16422,73181904,5120913,56
16422,73181904,5120913,56
16422,73181904,5120913,56
16422,73181904,5120913,56
16422,73181904,5120913,43
16422,73181904,5120038,104
16422,73181904,5120038,104
16422,73181904,5120038,43
16422,73181904,5120055,56
16422,73181904,5120055,56
16422,73181904,5120055,56
16422,73181904,5120055,56
16422,73181904,5120055,56
16422,73181904,5120055,41
16422,73181904,5121040,40
16422,73181904,5121040,40
16422,73181904,5121040,40
16422,73181904,5121040,40
16422,73181904,5121040,38
16422,73182087,7627959,8
16422,73182087,7627959,8
16422,73182087,7627959,8
16422,73182087,7627959,8
16422,73182087,7627959,8
16422,73182087,7627959,8
16422,73182087,7627959,8
16422,73182087,7627959,8
16422,73182087,7627959,2
16422,73182087,7627965,8
16422,73182087,7627965,8
16422,73182087,7627965,8
16422,73182087,7627965,8
16422,73182087,7627965,8
16422,73182087,7627965,8
16422,73182087,7627965,8
16422,73182087,7627965,8
16422,73182087,7627965,8
16422,73182087,7627965,8
16422,73182087,7627965,8
16422,73182087,7627965,8
16422,73182087,7627965,8
16422,73182087,7627965,8
16422,73182087,7627965,8
16422,73182087,7627965,8
16422,73182087,7627965,8
16422,73182087,7627965,8
16422,73182087,7627965,8
16422,73182087,7627965,8
16422,73182087,7627965,8
16422,73182087,7627965,8
16422,73182087,7627965,8
16422,73182087,7627965,8
16422,73182087,7627965,6
16422,73190610,7628317,8
16422,73190610,7628317,8
16422,73190610,7628317,8
16422,73190610,7628317,8
16422,73190610,7628317,8
16422,73190610,7628317,8
16422,73190610,7628317,8
16422,73190610,7628317,8
16422,73190610,7628317,8
16422,73190610,7628317,8
16422,73190610,7628317,8
16422,73190610,7628317,8
16422,73190610,7628317,8
16422,73190610,7628317,8
16422,73190610,7628317,8
16422,73190610,7628317,8
16422,73190610,7628317,8
16422,73190610,7628317,8
16422,73190610,7628317,8
16422,73190610,7628317,8
16422,73190610,7628317,8
16422,73190610,7628317,8
16422,73190610,7628317,8
16422,73190610,7628317,8
16422,73190610,7628317,8
16422,73190610,7628317,8
16422,73190610,7628317,8
16422,73190610,7628317,8
16422,73190610,7628317,8
16422,73190610,7628317,8
16422,73190610,7628317,8
16422,73190610,7628317,8
16422,73190610,7628317,8
16422,73190610,5121475,8
16422,73190610,5121475,8
16422,73190610,5121475,8
16422,73190610,5121475,8
16422,73190610,5121475,8
16422,73190610,5121475,8
16422,73190610,5121475,8
16422,73190610,5121475,8
16422,73190610,5121475,8
16422,73190610,5121475,8
16422,73190610,5121475,8
16422,73190610,5121475,8
16422,73190610,5121475,8
16422,73190610,5121475,8
16422,73190610,5121475,8
16422,73190610,5121475,8
16422,73190610,5121475,8
16422,73190610,5121475,8
16422,73190610,5121475,8
16422,73190610,5121475,8
16422,73190610,5121475,8
16422,73190610,5121475,8
16422,73190610,5121475,8
16422,73190610,5121475,8
16422,73190610,5121475,8
16422,73190610,5121475,8
16422,73190610,5121475,8
16422,73190610,5121475,8
16422,73190610,5121475,8
16422,73190610,5121475,8
16422,73190610,5121475,8
16422,73190610,5121475,8
16422,73190610,5121475,8
16422,73182087,7627962,8
16422,73182087,7627962,8
16422,73182087,7627962,6
16422,73182087,7627874,8
16422,73182087,7627874,8
16422,73182087,7627874,8
16422,73182087,7627874,8
16422,73182087,7627874,8
16422,73182087,7627874,8
16422,73182087,7627874,8
16422,73182087,7627874,8
16422,73182087,7627874,8
16422,73182087,7627874,8
16422,73182087,7627874,8
16422,73182087,7627874,8
16422,73182087,7627874,8
16422,73182087,7627874,8
16422,73182087,7627874,8
16422,73182087,7627874,8
16422,73182087,7627874,8
16422,73182087,7627874,8
16422,73182087,7627874,8
16422,73182087,7627874,8
16422,73182087,7627874,8
16422,73182087,7627874,8
16422,73182087,7627874,8
16422,73182087,7627874,8
16422,73182087,7627874,8
16422,73182087,7627874,8
16422,73182087,7627874,8
16422,73182087,7627874,8
16422,73182087,7627874,8
16422,73182087,7627874,10
16422,73181904,7627079,64
16422,73181904,7627079,64
16422,73181904,7627079,64
16422,73181904,7627079,64
16422,73181904,7627079,64
16422,73181904,7627079,64
16422,73181904,7627079,12
16422,73430967,7627226,52
16422,73430967,7627226,52
16422,73430967,7627226,9
16422,73430967,7627214,35
16422,73430967,7627214,35
16422,73430967,7627214,35
16422,73430967,7627214,18
16422,73181904,7627065,112
16422,73181904,7627065,112
16422,73181904,7627065,93
16422,73181904,7627071,64
16422,73181904,7627071,64
16422,73181904,7627071,64
16422,73181904,7627071,64
16422,73181904,7627071,64
16422,73181904,7627071,23
16422,73181904,7627094,40
16422,73181904,7627094,40
16422,73181904,7627094,40
16422,73181904,7627094,40
16422,73181904,7627094,40
16422,73181904,7627094,30
16422,73181904,7627087,64
16422,73181904,7627087,64
16422,73181904,7627087,64
16422,73181904,7627087,64
16422,73181904,7627087,64
16422,73181904,7627087,64
16422,73181904,7627087,64
16422,73181904,7627087,22
16422,73181904,7627081,64
16422,73181904,7627081,64
16422,73181904,7627081,64
16422,73181904,7627081,64
16422,73181904,7627081,64
16422,73181904,7627081,64
16422,73181904,7627081,64
16422,73181904,7627081,25
16422,73181904,7627098,40
16422,73181904,7627098,40
16422,73181904,7627098,40
16422,73181904,7627098,40
16422,73181904,7627098,36
16422,73181904,7627089,64
16422,73181904,7627089,64
16422,73181904,7627089,64
16422,73181904,7627089,64
16422,73181904,7627089,64
16422,73181904,7627089,64
16422,73181904,7627089,48
16422,73181904,7627069,64
16422,73181904,7627069,64
16422,73181904,7627069,64
16422,73181904,7627069,64
16422,73181904,7627069,64
16422,73181904,7627069,17
16422,73430967,7627217,123
16422,73300440,7627148,220
16422,73300440,7627148,60
16422,73181904,7627058,104
16422,73181904,7627058,104
16422,73181904,7627058,84
16422,73300440,7627154,64
16422,73300440,7627154,64
16422,73300440,7627154,64
16422,73300440,7627154,64
16422,73300440,7627154,64
16422,73300440,7627154,23
16422,73300440,7627140,64
16422,73300440,7627140,64
16422,73300440,7627140,64
16422,73300440,7627140,64
16422,73300440,7627140,24
16422,73181904,7627063,112
16422,73181904,7627063,112
16422,73181904,7627063,101
16422,73181904,7627083,64
16422,73181904,7627083,64
16422,73181904,7627083,64
16422,73181904,7627083,64
16422,73181904,7627083,64
16422,73181904,7627083,14
16422,73181904,7627067,64
16422,73181904,7627067,64
16422,73181904,7627067,64
16422,73181904,7627067,64
16422,73181904,7627067,48
16422,73181904,7627067,18
16422,73181904,7627077,64
16422,73181904,7627077,64
16422,73181904,7627077,64
16422,73181904,7627077,64
16422,73181904,7627077,48
16422,73181904,7627077,42
16422,73181904,7627075,64
16422,73181904,7627075,64
16422,73181904,7627075,64
16422,73181904,7627075,64
16422,73181904,7627075,64
16422,73181904,7627075,64
16422,73181904,7627075,44
16422,73181904,5119223,112
16422,73181904,5119223,86
16422,73181904,5119363,64
16422,73181904,5119363,64
16422,73181904,5119363,64
16422,73181904,5119363,64
16422,73181904,5119363,35
16422,73181904,5119339,64
16422,73181904,5119339,64
16422,73181904,5119339,64
16422,73181904,5119339,59
16422,73182087,7627962,8
16422,73182087,7627962,8
16422,73182087,7627962,8
16422,73182087,7627962,8
16422,73182087,7627962,8
16422,73182087,7627962,8
16422,73182087,7627962,8
16422,73182087,7627962,8
16422,73182087,7627962,8
16422,73182087,7627962,8
16422,73182087,7627962,8
16422,73182087,7627962,8
16422,73182087,7627962,8
16422,73182087,7627962,8
16422,73182087,7627962,8
16422,73182087,7627962,8
16422,73182087,7627962,8
16422,73182087,7627962,8
16422,73182087,7627962,8
16422,73182087,7627962,8
16422,73182087,7627962,8
16422,73182087,7627962,8
16422,73182087,7627962,8
16422,73182087,7627962,6
16422,73182087,7627962,5
16422,73182087,7627880,12
16422,73182087,7627880,12
16422,73182087,7627880,12
16422,73182087,7627880,12
16422,73182087,7627880,12
16422,73182087,7627880,12
16422,73182087,7627880,12
16422,73182087,7627880,12
16422,73182087,7627880,12
16422,73182087,7627880,12
16422,73182087,7627880,12
16422,73182087,7627880,12
16422,73182087,7627880,12
16422,73182087,7627880,12
16422,73182087,7627880,12
16422,73182087,7627880,12
16422,73182087,7627880,12
16422,73182087,7627880,12
16422,73182087,7627880,12
16422,73182087,7627880,12
16422,73182087,7627880,12
16422,73182087,7627880,12
16422,73182087,7627880,4
16422,73182087,7627877,12
16422,73182087,7627877,12
16422,73182087,7627877,12
16422,73182087,7627877,12
16422,73182087,7627877,12
16422,73182087,7627877,12
16422,73182087,7627877,12
16422,73182087,7627877,12
16422,73182087,7627877,12
16422,73182087,7627877,12
16422,73182087,7627877,12
16422,73182087,7627877,12
16422,73182087,7627877,12
16422,73182087,7627877,12
16422,73182087,7627877,12
16422,73182087,7627877,12
16422,73182087,7627877,12
16422,73182087,7627877,12
16422,73182087,7627877,12
16422,73182087,7627877,12
16422,73190611,4050408,8
16422,73190611,4050408,8
16422,73190611,4050408,8
16422,73190611,4050408,8
16422,73190611,4050408,8
16422,73190611,4050408,8
16422,73190611,4050408,8
16422,73190611,4050408,8
16422,73190611,4050408,6
16422,73432151,7627803,52
16422,73432151,7627803,52
16422,73432151,7627803,52
16422,73432151,7627803,52
16422,73432151,7627803,52
16422,73432151,7627803,52
16422,73432151,7627803,52
16422,73432151,7627803,52
16422,73432151,7627803,45
16422,73432151,7627797,61
16422,73432151,7627797,61
16422,73432151,7627797,61
16422,73432151,7627797,61
16422,73432151,7627797,61
16422,73432151,7627797,61
16422,73432151,7627797,61
16422,73432151,7627797,61
16422,73432151,7627797,61
16422,73432151,7627797,33
16422,73432151,7627806,17
16422,73432151,7627806,17
16422,73432151,7627806,17
16422,73432151,7627806,17
16422,73432151,7627806,17
16422,73432151,7627806,17
16422,73432151,7627806,17
16422,73432151,7627806,17
16422,73432151,7627806,17
16422,73432151,7627806,17
16422,73432151,7627806,17
16422,73432151,7627806,17
16422,73432151,7627806,17
16422,73432151,7627806,17
16422,73432151,7627806,17
16422,73432151,7627806,2
16422,73432151,7627809,61
16422,73432151,7627809,61
16422,73432151,7627809,61
16422,73432151,7627809,61
16422,73432151,7627809,18
16422,73432151,7627801,52
16422,73432151,7627801,52
16422,73432151,7627801,52
16422,73432151,7627801,52
16422,73432151,7627801,52
16422,73432151,7627801,52
16422,73432151,7627801,52
16422,73432151,7627801,36
16422,73202004,7627180,153
16422,73181905,7627157,60
16422,73181905,7627157,60
16422,73181905,7627157,60
16422,73181905,7627157,60
16422,73181905,7627157,60
16422,73181905,7627157,26
16422,73181905,7627160,60
16422,73181905,7627160,60
16422,73181905,7627160,60
16422,73181905,7627160,60
16422,73181905,7627160,60
16422,73181905,7627160,27
16422,73202004,7627183,161
16422,73200524,7627175,42
16422,73200524,7627175,42
16422,73200524,7627175,44
16422,73200524,7627175,40
16422,73200524,7627175,35
16422,73181905,7627170,19
16422,73181905,7627170,48
16422,73181905,7627170,48
16422,73181905,7627170,48
16422,73181905,7627170,48
16422,73181905,7627170,48
16422,73181905,7627170,40
16422,73181905,7627170,40
16422,73181905,7627170,40
16422,73181905,7627170,40
16422,73202004,7626987,36
16422,73202004,7626987,36
16422,73202004,7626987,36
16422,73202004,7626987,36
16422,73202004,7626987,36
16422,73202004,7626987,36
16422,73202004,7626987,36
16422,73202004,7626987,17
16422,73181905,7627165,209
16422,73181905,7627165,113
16422,73200524,7627178,42
16422,73200524,7627178,42
16422,73200524,7627178,42
16422,73200524,7627178,42
16422,73200524,7627178,35
16422,73181905,7627172,60
16422,73181905,7627172,60
16422,73181905,7627172,60
16422,73181905,7627172,60
16422,73181905,7627172,60
16422,73181905,7627172,60
16422,73181905,7627172,60
16422,73181905,7627172,60
16422,73181905,7627172,37
16422,73202004,7627032,36
16422,73202004,7627032,36
16422,73202004,7627032,36
16422,73202004,7627032,36
16422,73202004,7627032,36
16422,73202004,7627032,36
16422,73202004,7627032,12
16422,73181905,7627162,209
16422,73181905,7627162,81
16422,73181905,7627167,5
16422,73181905,7627167,40
16422,73181905,7627167,40
16422,73181905,7627167,40
16422,73181905,7627167,40
16422,73181905,7627167,48
16422,73181905,7627167,48
16422,73181905,7627167,48
16422,73181905,7627167,48
16422,73432151,7627794,61
16422,73432151,7627794,61
16422,73432151,7627794,61
16422,73432151,7627794,61
16422,73432151,7627794,61
16422,73432151,7627794,61
16422,73432151,7627794,61
16422,73432151,7627794,61
16422,73432151,7627794,61
16422,73432151,7627794,33
16422,73432151,7627799,61
16422,73432151,7627799,61
16422,73432151,7627799,61
16422,73432151,7627799,61
16422,73432151,7627799,61
16422,73432151,7627799,61
16422,73432151,7627799,61
16422,73432151,7627799,61
16422,73432151,7627799,61
16422,73432151,7627799,33
16422,73182085,7628017,69
16422,73200523,4800912,6
16422,73200523,4800912,6
16422,73200523,4800912,6
16422,73200523,4800912,6
16422,73200523,4800912,6
16422,73200523,4800912,6
16422,73200523,4800912,6
16422,73200523,4800912,6
16422,73200523,4800912,3
16422,73200523,4800912,6
16422,73200523,4800912,6
16422,73200523,4800912,6
16422,73200523,4800912,6
16422,73200523,4800912,6
16422,73200523,4800912,6
16422,73200523,4800912,6
16422,73200523,4800912,6
16422,73200523,4800912,6
16422,73200523,4800912,6
16422,73200523,4800912,6
16422,73200523,4800912,6
16422,73200523,4800912,6
16422,73200523,4800912,6
16422,73200523,4800912,6
16422,73200523,4800912,6
16422,73200523,4800912,6
16422,73190611,4800888,8
16422,73190611,4800888,8
16422,73190611,4800888,8
16422,73190611,4800888,8
16422,73190611,4800888,8
16422,73190611,4800888,8
16422,73190611,4800888,5
16422,73200523,4800903,6
16422,73200523,4800903,6
16422,73200523,4800903,6
16422,73200523,4800903,6
16422,73200523,4800903,6
16422,73200523,4800903,6
16422,73200523,4800903,6
16422,73200523,4800903,6
16422,73200523,4800903,6
16422,73200523,4800903,6
16422,73200523,4800903,6
16422,73200523,4800903,6
16422,73200523,4800903,6
16422,73200523,4800903,6
16422,73200523,4800903,6
16422,73200523,4800903,6
16422,73200523,4800903,6
16422,73200523,4800903,6
16422,73200523,4800903,6
16422,73200523,4800903,6
16422,73200523,4800903,6
16422,73200523,4800903,6
16422,73200523,4800903,6
16422,73200523,4800903,3
16422,73182085,7628015,72
16422,73182085,7628015,70
16422,73182085,7628015,48
16422,73310825,7628063,40
16422,73310825,7628063,40
16422,73310825,7628063,40
16422,73310825,7628063,40
16422,73310825,7628063,40
16422,73310825,7628063,40
16422,73310825,7628063,34
16422,73310825,7628063,8
16422,73310825,7628071,40
16422,73310825,7628071,40
16422,73310825,7628071,40
16422,73310825,7628071,40
16422,73310825,7628071,40
16422,73310825,7628071,40
16422,73310825,7628071,40
16422,73310825,7628071,40
16422,73310825,7628071,40
16422,73310825,7628071,10
16422,73181904,7627041,112
16422,73181904,7627041,46
16422,73181904,7627047,96
16422,73181904,7627047,96
16422,73181904,7627047,96
16422,73181904,7627047,84
16422,73441989,7627247,147
16422,73441989,7627247,141
16422,73430970,7627009,200
16422,73430970,7627009,200
16422,73430970,7627009,200
16422,73430970,7627009,200
16422,73430970,7627009,119
16422,73181904,7627049,112
16422,73181904,7627049,112
16422,73181904,7627049,68
16422,73300439,7627128,64
16422,73300439,7627128,64
16422,73300439,7627128,64
16422,73300439,7627128,64
16422,73300439,7627128,64
16422,73300439,7627128,5
16422,73181904,7627116,64
16422,73181904,7627116,64
16422,73181904,7627116,64
16422,73181904,7627116,64
16422,73181904,7627116,27
16422,73430970,7627015,300
16422,73430970,7627015,300
16422,73430970,7627015,300
16422,73430970,7627015,300
16422,73430970,7627015,46
16422,73181904,7627122,112
16422,73181904,7627122,70
16422,73430970,7627007,200
16422,73430970,7627007,191
16422,73300439,7627131,112
16422,73300439,7627131,92
16422,73300439,7627131,83
16422,73430970,7626995,200
16422,73430970,7626995,200
16422,73430970,7626995,200
16422,73430970,7626995,200
16422,73430970,7626995,119
16422,73441989,7627244,55
16422,73441989,7627244,55
16422,73441989,7627244,55
16422,73441989,7627244,55
16422,73441989,7627244,55
16422,73441989,7627244,32
16422,73441989,7627253,273
16422,73441989,7627253,26
16422,73181904,7627043,112
16422,73181904,7627043,112
16422,73181904,7627043,68
16422,73181904,7627119,64
16422,73181904,7627119,64
16422,73181904,7627119,64
16422,73181904,7627119,64
16422,73181904,7627119,64
16422,73181904,7627119,10
16422,73441989,7627235,50
16422,73441989,7627235,50
16422,73441989,7627235,45
16422,73181904,7627039,112
16422,73181904,7627039,112
16422,73181904,7627039,78
16422,73181904,7627056,112
16422,73181904,7627056,112
16422,73181904,7627056,96
16422,73441989,7627238,82
16422,73441989,7627238,91
16422,73441989,7627238,91
16422,73441989,7627238,91
16422,73181904,7627054,112
16422,73181904,7627054,109
16422,73441989,7627241,65
16422,73441989,7627241,65
16422,73441989,7627241,65
16422,73441989,7627241,65
16422,73441989,7627241,65
16422,73441989,7627241,65
16422,73441989,7627241,65
16422,73441989,7627241,65
16422,73441989,7627241,19
16422,73441989,7627250,91
16422,73441989,7627250,91
16422,73441989,7627250,91
16422,73441989,7627250,49
16422,73430970,7627001,200
16422,73430970,7627001,200
16422,73430970,7627001,200
16422,73430970,7627001,200
16422,73430970,7627001,200
16422,73430970,7627001,35
16422,73310825,7628070,40
16422,73310825,7628070,40
16422,73310825,7628070,40
16422,73310825,7628070,40
16422,73310825,7628070,40
16422,73310825,7628070,40
16422,73310825,7628070,34
16422,73310825,7628070,8
16422,73181904,5119218,112
16422,73181904,5119218,86
